C:\Users\tkmpa\workdir\Github\ai_challenge_saiI\data\IMG\center_2022_04_20_18_01_02_256.jpg, C:\Users\tkmpa\workdir\Github\ai_challenge_saiI\data\IMG\left_2022_04_20_18_01_02_256.jpg, C:\Users\tkmpa\workdir\Github\ai_challenge_saiI\data\IMG\right_2022_04_20_18_01_02_256.jpg, 0, 0, 0, 7.758186E-05
C:\Users\tkmpa\workdir\Github\ai_challenge_saiI\data\IMG\center_2022_04_20_18_01_02_361.jpg, C:\Users\tkmpa\workdir\Github\ai_challenge_saiI\data\IMG\left_2022_04_20_18_01_02_361.jpg, C:\Users\tkmpa\workdir\Github\ai_challenge_saiI\data\IMG\right_2022_04_20_18_01_02_361.jpg, 0, 0, 0, 7.978624E-05
C:\Users\tkmpa\workdir\Github\ai_challenge_saiI\data\IMG\center_2022_04_20_18_01_02_462.jpg, C:\Users\tkmpa\workdir\Github\ai_challenge_saiI\data\IMG\left_2022_04_20_18_01_02_462.jpg, C:\Users\tkmpa\workdir\Github\ai_challenge_saiI\data\IMG\right_2022_04_20_18_01_02_462.jpg, 0, 0, 0, 7.819745E-05
C:\Users\tkmpa\workdir\Github\ai_challenge_saiI\data\IMG\center_2022_04_20_18_01_02_565.jpg, C:\Users\tkmpa\workdir\Github\ai_challenge_saiI\data\IMG\left_2022_04_20_18_01_02_565.jpg, C:\Users\tkmpa\workdir\Github\ai_challenge_saiI\data\IMG\right_2022_04_20_18_01_02_565.jpg, 0, 0, 0, 7.82229E-05
C:\Users\tkmpa\workdir\Github\ai_challenge_saiI\data\IMG\center_2022_04_20_18_01_02_668.jpg, C:\Users\tkmpa\workdir\Github\ai_challenge_saiI\data\IMG\left_2022_04_20_18_01_02_668.jpg, C:\Users\tkmpa\workdir\Github\ai_challenge_saiI\data\IMG\right_2022_04_20_18_01_02_668.jpg, 0, 0, 0, 7.971632E-05
C:\Users\tkmpa\workdir\Github\ai_challenge_saiI\data\IMG\center_2022_04_20_18_01_02_769.jpg, C:\Users\tkmpa\workdir\Github\ai_challenge_saiI\data\IMG\left_2022_04_20_18_01_02_769.jpg, C:\Users\tkmpa\workdir\Github\ai_challenge_saiI\data\IMG\right_2022_04_20_18_01_02_769.jpg, 0, 0, 0, 8.276501E-05
C:\Users\tkmpa\workdir\Github\ai_challenge_saiI\data\IMG\center_2022_04_20_18_01_02_874.jpg, C:\Users\tkmpa\workdir\Github\ai_challenge_saiI\data\IMG\left_2022_04_20_18_01_02_874.jpg, C:\Users\tkmpa\workdir\Github\ai_challenge_saiI\data\IMG\right_2022_04_20_18_01_02_874.jpg, 0, 0, 0, 7.803061E-05
C:\Users\tkmpa\workdir\Github\ai_challenge_saiI\data\IMG\center_2022_04_20_18_01_02_979.jpg, C:\Users\tkmpa\workdir\Github\ai_challenge_saiI\data\IMG\left_2022_04_20_18_01_02_979.jpg, C:\Users\tkmpa\workdir\Github\ai_challenge_saiI\data\IMG\right_2022_04_20_18_01_02_979.jpg, 0, 0, 0, 7.775975E-05
C:\Users\tkmpa\workdir\Github\ai_challenge_saiI\data\IMG\center_2022_04_20_18_01_03_082.jpg, C:\Users\tkmpa\workdir\Github\ai_challenge_saiI\data\IMG\left_2022_04_20_18_01_03_082.jpg, C:\Users\tkmpa\workdir\Github\ai_challenge_saiI\data\IMG\right_2022_04_20_18_01_03_082.jpg, 0, 0, 0, 7.86023E-05
C:\Users\tkmpa\workdir\Github\ai_challenge_saiI\data\IMG\center_2022_04_20_18_01_03_186.jpg, C:\Users\tkmpa\workdir\Github\ai_challenge_saiI\data\IMG\left_2022_04_20_18_01_03_186.jpg, C:\Users\tkmpa\workdir\Github\ai_challenge_saiI\data\IMG\right_2022_04_20_18_01_03_186.jpg, 0, 0, 0, 7.812311E-05
C:\Users\tkmpa\workdir\Github\ai_challenge_saiI\data\IMG\center_2022_04_20_18_01_03_291.jpg, C:\Users\tkmpa\workdir\Github\ai_challenge_saiI\data\IMG\left_2022_04_20_18_01_03_291.jpg, C:\Users\tkmpa\workdir\Github\ai_challenge_saiI\data\IMG\right_2022_04_20_18_01_03_291.jpg, 0, 0, 0, 7.816118E-05
C:\Users\tkmpa\workdir\Github\ai_challenge_saiI\data\IMG\center_2022_04_20_18_01_03_394.jpg, C:\Users\tkmpa\workdir\Github\ai_challenge_saiI\data\IMG\left_2022_04_20_18_01_03_394.jpg, C:\Users\tkmpa\workdir\Github\ai_challenge_saiI\data\IMG\right_2022_04_20_18_01_03_394.jpg, 0, 0, 0, 7.809413E-05
C:\Users\tkmpa\workdir\Github\ai_challenge_saiI\data\IMG\center_2022_04_20_18_01_03_495.jpg, C:\Users\tkmpa\workdir\Github\ai_challenge_saiI\data\IMG\left_2022_04_20_18_01_03_495.jpg, C:\Users\tkmpa\workdir\Github\ai_challenge_saiI\data\IMG\right_2022_04_20_18_01_03_495.jpg, 0, 0, 0, 7.867085E-05
C:\Users\tkmpa\workdir\Github\ai_challenge_saiI\data\IMG\center_2022_04_20_18_01_03_599.jpg, C:\Users\tkmpa\workdir\Github\ai_challenge_saiI\data\IMG\left_2022_04_20_18_01_03_599.jpg, C:\Users\tkmpa\workdir\Github\ai_challenge_saiI\data\IMG\right_2022_04_20_18_01_03_599.jpg, 0, 0, 0, 7.845106E-05
C:\Users\tkmpa\workdir\Github\ai_challenge_saiI\data\IMG\center_2022_04_20_18_01_03_703.jpg, C:\Users\tkmpa\workdir\Github\ai_challenge_saiI\data\IMG\left_2022_04_20_18_01_03_703.jpg, C:\Users\tkmpa\workdir\Github\ai_challenge_saiI\data\IMG\right_2022_04_20_18_01_03_703.jpg, 0, 0, 0, 7.854138E-05
C:\Users\tkmpa\workdir\Github\ai_challenge_saiI\data\IMG\center_2022_04_20_18_01_03_807.jpg, C:\Users\tkmpa\workdir\Github\ai_challenge_saiI\data\IMG\left_2022_04_20_18_01_03_807.jpg, C:\Users\tkmpa\workdir\Github\ai_challenge_saiI\data\IMG\right_2022_04_20_18_01_03_807.jpg, 0, 0, 0, 7.994889E-05
C:\Users\tkmpa\workdir\Github\ai_challenge_saiI\data\IMG\center_2022_04_20_18_01_03_911.jpg, C:\Users\tkmpa\workdir\Github\ai_challenge_saiI\data\IMG\left_2022_04_20_18_01_03_911.jpg, C:\Users\tkmpa\workdir\Github\ai_challenge_saiI\data\IMG\right_2022_04_20_18_01_03_911.jpg, 0, 0, 0, 7.817721E-05
C:\Users\tkmpa\workdir\Github\ai_challenge_saiI\data\IMG\center_2022_04_20_18_01_04_015.jpg, C:\Users\tkmpa\workdir\Github\ai_challenge_saiI\data\IMG\left_2022_04_20_18_01_04_015.jpg, C:\Users\tkmpa\workdir\Github\ai_challenge_saiI\data\IMG\right_2022_04_20_18_01_04_015.jpg, 0, 0, 0, 7.848009E-05
C:\Users\tkmpa\workdir\Github\ai_challenge_saiI\data\IMG\center_2022_04_20_18_01_04_120.jpg, C:\Users\tkmpa\workdir\Github\ai_challenge_saiI\data\IMG\left_2022_04_20_18_01_04_120.jpg, C:\Users\tkmpa\workdir\Github\ai_challenge_saiI\data\IMG\right_2022_04_20_18_01_04_120.jpg, 0, 0, 0, 7.868833E-05
C:\Users\tkmpa\workdir\Github\ai_challenge_saiI\data\IMG\center_2022_04_20_18_01_04_226.jpg, C:\Users\tkmpa\workdir\Github\ai_challenge_saiI\data\IMG\left_2022_04_20_18_01_04_226.jpg, C:\Users\tkmpa\workdir\Github\ai_challenge_saiI\data\IMG\right_2022_04_20_18_01_04_226.jpg, 0, 0, 0, 7.898763E-05
C:\Users\tkmpa\workdir\Github\ai_challenge_saiI\data\IMG\center_2022_04_20_18_01_04_329.jpg, C:\Users\tkmpa\workdir\Github\ai_challenge_saiI\data\IMG\left_2022_04_20_18_01_04_329.jpg, C:\Users\tkmpa\workdir\Github\ai_challenge_saiI\data\IMG\right_2022_04_20_18_01_04_329.jpg, 0, 0, 0, 8.093808E-05
C:\Users\tkmpa\workdir\Github\ai_challenge_saiI\data\IMG\center_2022_04_20_18_01_04_433.jpg, C:\Users\tkmpa\workdir\Github\ai_challenge_saiI\data\IMG\left_2022_04_20_18_01_04_433.jpg, C:\Users\tkmpa\workdir\Github\ai_challenge_saiI\data\IMG\right_2022_04_20_18_01_04_433.jpg, 0, 0, 0, 7.970458E-05
C:\Users\tkmpa\workdir\Github\ai_challenge_saiI\data\IMG\center_2022_04_20_18_01_04_535.jpg, C:\Users\tkmpa\workdir\Github\ai_challenge_saiI\data\IMG\left_2022_04_20_18_01_04_535.jpg, C:\Users\tkmpa\workdir\Github\ai_challenge_saiI\data\IMG\right_2022_04_20_18_01_04_535.jpg, 0, 0, 0, 7.911292E-05
C:\Users\tkmpa\workdir\Github\ai_challenge_saiI\data\IMG\center_2022_04_20_18_01_04_637.jpg, C:\Users\tkmpa\workdir\Github\ai_challenge_saiI\data\IMG\left_2022_04_20_18_01_04_637.jpg, C:\Users\tkmpa\workdir\Github\ai_challenge_saiI\data\IMG\right_2022_04_20_18_01_04_637.jpg, 0, 0, 0, 7.899963E-05
C:\Users\tkmpa\workdir\Github\ai_challenge_saiI\data\IMG\center_2022_04_20_18_01_04_743.jpg, C:\Users\tkmpa\workdir\Github\ai_challenge_saiI\data\IMG\left_2022_04_20_18_01_04_743.jpg, C:\Users\tkmpa\workdir\Github\ai_challenge_saiI\data\IMG\right_2022_04_20_18_01_04_743.jpg, 0, 0, 0, 7.78059E-05
C:\Users\tkmpa\workdir\Github\ai_challenge_saiI\data\IMG\center_2022_04_20_18_01_04_848.jpg, C:\Users\tkmpa\workdir\Github\ai_challenge_saiI\data\IMG\left_2022_04_20_18_01_04_848.jpg, C:\Users\tkmpa\workdir\Github\ai_challenge_saiI\data\IMG\right_2022_04_20_18_01_04_848.jpg, 0, 0, 0, 8.214363E-05
C:\Users\tkmpa\workdir\Github\ai_challenge_saiI\data\IMG\center_2022_04_20_18_01_04_954.jpg, C:\Users\tkmpa\workdir\Github\ai_challenge_saiI\data\IMG\left_2022_04_20_18_01_04_954.jpg, C:\Users\tkmpa\workdir\Github\ai_challenge_saiI\data\IMG\right_2022_04_20_18_01_04_954.jpg, 0, 0, 0, 7.802382E-05
C:\Users\tkmpa\workdir\Github\ai_challenge_saiI\data\IMG\center_2022_04_20_18_01_05_058.jpg, C:\Users\tkmpa\workdir\Github\ai_challenge_saiI\data\IMG\left_2022_04_20_18_01_05_058.jpg, C:\Users\tkmpa\workdir\Github\ai_challenge_saiI\data\IMG\right_2022_04_20_18_01_05_058.jpg, 0, 0, 0, 7.84641E-05
C:\Users\tkmpa\workdir\Github\ai_challenge_saiI\data\IMG\center_2022_04_20_18_01_05_159.jpg, C:\Users\tkmpa\workdir\Github\ai_challenge_saiI\data\IMG\left_2022_04_20_18_01_05_159.jpg, C:\Users\tkmpa\workdir\Github\ai_challenge_saiI\data\IMG\right_2022_04_20_18_01_05_159.jpg, 0, 0, 0, 7.855744E-05
C:\Users\tkmpa\workdir\Github\ai_challenge_saiI\data\IMG\center_2022_04_20_18_01_05_265.jpg, C:\Users\tkmpa\workdir\Github\ai_challenge_saiI\data\IMG\left_2022_04_20_18_01_05_265.jpg, C:\Users\tkmpa\workdir\Github\ai_challenge_saiI\data\IMG\right_2022_04_20_18_01_05_265.jpg, 0, 0, 0, 7.799578E-05
C:\Users\tkmpa\workdir\Github\ai_challenge_saiI\data\IMG\center_2022_04_20_18_01_05_369.jpg, C:\Users\tkmpa\workdir\Github\ai_challenge_saiI\data\IMG\left_2022_04_20_18_01_05_369.jpg, C:\Users\tkmpa\workdir\Github\ai_challenge_saiI\data\IMG\right_2022_04_20_18_01_05_369.jpg, 0, 0, 0, 7.823725E-05
C:\Users\tkmpa\workdir\Github\ai_challenge_saiI\data\IMG\center_2022_04_20_18_01_05_475.jpg, C:\Users\tkmpa\workdir\Github\ai_challenge_saiI\data\IMG\left_2022_04_20_18_01_05_475.jpg, C:\Users\tkmpa\workdir\Github\ai_challenge_saiI\data\IMG\right_2022_04_20_18_01_05_475.jpg, 0, 0, 0, 7.866157E-05
C:\Users\tkmpa\workdir\Github\ai_challenge_saiI\data\IMG\center_2022_04_20_18_01_05_579.jpg, C:\Users\tkmpa\workdir\Github\ai_challenge_saiI\data\IMG\left_2022_04_20_18_01_05_579.jpg, C:\Users\tkmpa\workdir\Github\ai_challenge_saiI\data\IMG\right_2022_04_20_18_01_05_579.jpg, 0, 0, 0, 8.056153E-05
C:\Users\tkmpa\workdir\Github\ai_challenge_saiI\data\IMG\center_2022_04_20_18_01_05_685.jpg, C:\Users\tkmpa\workdir\Github\ai_challenge_saiI\data\IMG\left_2022_04_20_18_01_05_685.jpg, C:\Users\tkmpa\workdir\Github\ai_challenge_saiI\data\IMG\right_2022_04_20_18_01_05_685.jpg, 0, 0, 0, 7.802064E-05
C:\Users\tkmpa\workdir\Github\ai_challenge_saiI\data\IMG\center_2022_04_20_18_01_05_790.jpg, C:\Users\tkmpa\workdir\Github\ai_challenge_saiI\data\IMG\left_2022_04_20_18_01_05_790.jpg, C:\Users\tkmpa\workdir\Github\ai_challenge_saiI\data\IMG\right_2022_04_20_18_01_05_790.jpg, 0, 0, 0, 7.806302E-05
C:\Users\tkmpa\workdir\Github\ai_challenge_saiI\data\IMG\center_2022_04_20_18_01_05_891.jpg, C:\Users\tkmpa\workdir\Github\ai_challenge_saiI\data\IMG\left_2022_04_20_18_01_05_891.jpg, C:\Users\tkmpa\workdir\Github\ai_challenge_saiI\data\IMG\right_2022_04_20_18_01_05_891.jpg, 0, 0, 0, 7.782047E-05
C:\Users\tkmpa\workdir\Github\ai_challenge_saiI\data\IMG\center_2022_04_20_18_01_05_993.jpg, C:\Users\tkmpa\workdir\Github\ai_challenge_saiI\data\IMG\left_2022_04_20_18_01_05_993.jpg, C:\Users\tkmpa\workdir\Github\ai_challenge_saiI\data\IMG\right_2022_04_20_18_01_05_993.jpg, 0, 0, 0, 7.834494E-05
C:\Users\tkmpa\workdir\Github\ai_challenge_saiI\data\IMG\center_2022_04_20_18_01_06_098.jpg, C:\Users\tkmpa\workdir\Github\ai_challenge_saiI\data\IMG\left_2022_04_20_18_01_06_098.jpg, C:\Users\tkmpa\workdir\Github\ai_challenge_saiI\data\IMG\right_2022_04_20_18_01_06_098.jpg, 0, 0, 0, 7.944799E-05
C:\Users\tkmpa\workdir\Github\ai_challenge_saiI\data\IMG\center_2022_04_20_18_01_06_199.jpg, C:\Users\tkmpa\workdir\Github\ai_challenge_saiI\data\IMG\left_2022_04_20_18_01_06_199.jpg, C:\Users\tkmpa\workdir\Github\ai_challenge_saiI\data\IMG\right_2022_04_20_18_01_06_199.jpg, 0, 0, 0, 7.922164E-05
C:\Users\tkmpa\workdir\Github\ai_challenge_saiI\data\IMG\center_2022_04_20_18_01_06_304.jpg, C:\Users\tkmpa\workdir\Github\ai_challenge_saiI\data\IMG\left_2022_04_20_18_01_06_304.jpg, C:\Users\tkmpa\workdir\Github\ai_challenge_saiI\data\IMG\right_2022_04_20_18_01_06_304.jpg, 0, 0, 0, 7.854222E-05
C:\Users\tkmpa\workdir\Github\ai_challenge_saiI\data\IMG\center_2022_04_20_18_01_06_409.jpg, C:\Users\tkmpa\workdir\Github\ai_challenge_saiI\data\IMG\left_2022_04_20_18_01_06_409.jpg, C:\Users\tkmpa\workdir\Github\ai_challenge_saiI\data\IMG\right_2022_04_20_18_01_06_409.jpg, 0, 0, 0, 7.892602E-05
C:\Users\tkmpa\workdir\Github\ai_challenge_saiI\data\IMG\center_2022_04_20_18_01_06_513.jpg, C:\Users\tkmpa\workdir\Github\ai_challenge_saiI\data\IMG\left_2022_04_20_18_01_06_513.jpg, C:\Users\tkmpa\workdir\Github\ai_challenge_saiI\data\IMG\right_2022_04_20_18_01_06_513.jpg, 0, 0, 0, 7.820074E-05
C:\Users\tkmpa\workdir\Github\ai_challenge_saiI\data\IMG\center_2022_04_20_18_01_06_618.jpg, C:\Users\tkmpa\workdir\Github\ai_challenge_saiI\data\IMG\left_2022_04_20_18_01_06_618.jpg, C:\Users\tkmpa\workdir\Github\ai_challenge_saiI\data\IMG\right_2022_04_20_18_01_06_618.jpg, 0, 0, 0, 7.90306E-05
C:\Users\tkmpa\workdir\Github\ai_challenge_saiI\data\IMG\center_2022_04_20_18_01_06_721.jpg, C:\Users\tkmpa\workdir\Github\ai_challenge_saiI\data\IMG\left_2022_04_20_18_01_06_721.jpg, C:\Users\tkmpa\workdir\Github\ai_challenge_saiI\data\IMG\right_2022_04_20_18_01_06_721.jpg, 0, 0, 0, 7.858864E-05
C:\Users\tkmpa\workdir\Github\ai_challenge_saiI\data\IMG\center_2022_04_20_18_01_06_826.jpg, C:\Users\tkmpa\workdir\Github\ai_challenge_saiI\data\IMG\left_2022_04_20_18_01_06_826.jpg, C:\Users\tkmpa\workdir\Github\ai_challenge_saiI\data\IMG\right_2022_04_20_18_01_06_826.jpg, 0, 0, 0, 7.785987E-05
C:\Users\tkmpa\workdir\Github\ai_challenge_saiI\data\IMG\center_2022_04_20_18_01_06_930.jpg, C:\Users\tkmpa\workdir\Github\ai_challenge_saiI\data\IMG\left_2022_04_20_18_01_06_930.jpg, C:\Users\tkmpa\workdir\Github\ai_challenge_saiI\data\IMG\right_2022_04_20_18_01_06_930.jpg, 0, 0, 0, 7.822604E-05
C:\Users\tkmpa\workdir\Github\ai_challenge_saiI\data\IMG\center_2022_04_20_18_01_07_032.jpg, C:\Users\tkmpa\workdir\Github\ai_challenge_saiI\data\IMG\left_2022_04_20_18_01_07_032.jpg, C:\Users\tkmpa\workdir\Github\ai_challenge_saiI\data\IMG\right_2022_04_20_18_01_07_032.jpg, 0, 0, 0, 8.10659E-05
C:\Users\tkmpa\workdir\Github\ai_challenge_saiI\data\IMG\center_2022_04_20_18_01_07_133.jpg, C:\Users\tkmpa\workdir\Github\ai_challenge_saiI\data\IMG\left_2022_04_20_18_01_07_133.jpg, C:\Users\tkmpa\workdir\Github\ai_challenge_saiI\data\IMG\right_2022_04_20_18_01_07_133.jpg, 0, 0, 0, 7.876154E-05
C:\Users\tkmpa\workdir\Github\ai_challenge_saiI\data\IMG\center_2022_04_20_18_01_07_240.jpg, C:\Users\tkmpa\workdir\Github\ai_challenge_saiI\data\IMG\left_2022_04_20_18_01_07_240.jpg, C:\Users\tkmpa\workdir\Github\ai_challenge_saiI\data\IMG\right_2022_04_20_18_01_07_240.jpg, 0, 0, 0, 7.955599E-05
C:\Users\tkmpa\workdir\Github\ai_challenge_saiI\data\IMG\center_2022_04_20_18_01_07_341.jpg, C:\Users\tkmpa\workdir\Github\ai_challenge_saiI\data\IMG\left_2022_04_20_18_01_07_341.jpg, C:\Users\tkmpa\workdir\Github\ai_challenge_saiI\data\IMG\right_2022_04_20_18_01_07_341.jpg, 0, 0, 0, 8.023857E-05
C:\Users\tkmpa\workdir\Github\ai_challenge_saiI\data\IMG\center_2022_04_20_18_01_07_448.jpg, C:\Users\tkmpa\workdir\Github\ai_challenge_saiI\data\IMG\left_2022_04_20_18_01_07_448.jpg, C:\Users\tkmpa\workdir\Github\ai_challenge_saiI\data\IMG\right_2022_04_20_18_01_07_448.jpg, 0, 0, 0, 7.885549E-05
C:\Users\tkmpa\workdir\Github\ai_challenge_saiI\data\IMG\center_2022_04_20_18_01_07_590.jpg, C:\Users\tkmpa\workdir\Github\ai_challenge_saiI\data\IMG\left_2022_04_20_18_01_07_590.jpg, C:\Users\tkmpa\workdir\Github\ai_challenge_saiI\data\IMG\right_2022_04_20_18_01_07_590.jpg, 0, 0.1018086, 0, 0.02897798
C:\Users\tkmpa\workdir\Github\ai_challenge_saiI\data\IMG\center_2022_04_20_18_01_07_655.jpg, C:\Users\tkmpa\workdir\Github\ai_challenge_saiI\data\IMG\left_2022_04_20_18_01_07_655.jpg, C:\Users\tkmpa\workdir\Github\ai_challenge_saiI\data\IMG\right_2022_04_20_18_01_07_655.jpg, 0, 0.4009164, 0, 0.3868221
C:\Users\tkmpa\workdir\Github\ai_challenge_saiI\data\IMG\center_2022_04_20_18_01_07_758.jpg, C:\Users\tkmpa\workdir\Github\ai_challenge_saiI\data\IMG\left_2022_04_20_18_01_07_758.jpg, C:\Users\tkmpa\workdir\Github\ai_challenge_saiI\data\IMG\right_2022_04_20_18_01_07_758.jpg, 0, 0.6844921, 0, 1.031244
C:\Users\tkmpa\workdir\Github\ai_challenge_saiI\data\IMG\center_2022_04_20_18_01_07_859.jpg, C:\Users\tkmpa\workdir\Github\ai_challenge_saiI\data\IMG\left_2022_04_20_18_01_07_859.jpg, C:\Users\tkmpa\workdir\Github\ai_challenge_saiI\data\IMG\right_2022_04_20_18_01_07_859.jpg, -0.2131434, 0.9918243, 0, 2.075517
C:\Users\tkmpa\workdir\Github\ai_challenge_saiI\data\IMG\center_2022_04_20_18_01_07_962.jpg, C:\Users\tkmpa\workdir\Github\ai_challenge_saiI\data\IMG\left_2022_04_20_18_01_07_962.jpg, C:\Users\tkmpa\workdir\Github\ai_challenge_saiI\data\IMG\right_2022_04_20_18_01_07_962.jpg, -0.3814461, 1, 0, 3.24875
C:\Users\tkmpa\workdir\Github\ai_challenge_saiI\data\IMG\center_2022_04_20_18_01_08_063.jpg, C:\Users\tkmpa\workdir\Github\ai_challenge_saiI\data\IMG\left_2022_04_20_18_01_08_063.jpg, C:\Users\tkmpa\workdir\Github\ai_challenge_saiI\data\IMG\right_2022_04_20_18_01_08_063.jpg, -0.03728996, 1, 0, 4.657751
C:\Users\tkmpa\workdir\Github\ai_challenge_saiI\data\IMG\center_2022_04_20_18_01_08_166.jpg, C:\Users\tkmpa\workdir\Github\ai_challenge_saiI\data\IMG\left_2022_04_20_18_01_08_166.jpg, C:\Users\tkmpa\workdir\Github\ai_challenge_saiI\data\IMG\right_2022_04_20_18_01_08_166.jpg, 0, 1, 0, 5.81545
C:\Users\tkmpa\workdir\Github\ai_challenge_saiI\data\IMG\center_2022_04_20_18_01_08_271.jpg, C:\Users\tkmpa\workdir\Github\ai_challenge_saiI\data\IMG\left_2022_04_20_18_01_08_271.jpg, C:\Users\tkmpa\workdir\Github\ai_challenge_saiI\data\IMG\right_2022_04_20_18_01_08_271.jpg, 0, 1, 0, 6.963591
C:\Users\tkmpa\workdir\Github\ai_challenge_saiI\data\IMG\center_2022_04_20_18_01_08_373.jpg, C:\Users\tkmpa\workdir\Github\ai_challenge_saiI\data\IMG\left_2022_04_20_18_01_08_373.jpg, C:\Users\tkmpa\workdir\Github\ai_challenge_saiI\data\IMG\right_2022_04_20_18_01_08_373.jpg, 0, 1, 0, 8.100609
C:\Users\tkmpa\workdir\Github\ai_challenge_saiI\data\IMG\center_2022_04_20_18_01_08_476.jpg, C:\Users\tkmpa\workdir\Github\ai_challenge_saiI\data\IMG\left_2022_04_20_18_01_08_476.jpg, C:\Users\tkmpa\workdir\Github\ai_challenge_saiI\data\IMG\right_2022_04_20_18_01_08_476.jpg, 0, 1, 0, 9.226575
C:\Users\tkmpa\workdir\Github\ai_challenge_saiI\data\IMG\center_2022_04_20_18_01_08_577.jpg, C:\Users\tkmpa\workdir\Github\ai_challenge_saiI\data\IMG\left_2022_04_20_18_01_08_577.jpg, C:\Users\tkmpa\workdir\Github\ai_challenge_saiI\data\IMG\right_2022_04_20_18_01_08_577.jpg, -0.0988545, 1, 0, 10.33933
C:\Users\tkmpa\workdir\Github\ai_challenge_saiI\data\IMG\center_2022_04_20_18_01_08_680.jpg, C:\Users\tkmpa\workdir\Github\ai_challenge_saiI\data\IMG\left_2022_04_20_18_01_08_680.jpg, C:\Users\tkmpa\workdir\Github\ai_challenge_saiI\data\IMG\right_2022_04_20_18_01_08_680.jpg, -0.4095438, 1, 0, 11.38832
C:\Users\tkmpa\workdir\Github\ai_challenge_saiI\data\IMG\center_2022_04_20_18_01_08_781.jpg, C:\Users\tkmpa\workdir\Github\ai_challenge_saiI\data\IMG\left_2022_04_20_18_01_08_781.jpg, C:\Users\tkmpa\workdir\Github\ai_challenge_saiI\data\IMG\right_2022_04_20_18_01_08_781.jpg, -0.1071342, 1, 0, 12.52242
C:\Users\tkmpa\workdir\Github\ai_challenge_saiI\data\IMG\center_2022_04_20_18_01_08_888.jpg, C:\Users\tkmpa\workdir\Github\ai_challenge_saiI\data\IMG\left_2022_04_20_18_01_08_888.jpg, C:\Users\tkmpa\workdir\Github\ai_challenge_saiI\data\IMG\right_2022_04_20_18_01_08_888.jpg, 0, 1, 0, 13.69392
C:\Users\tkmpa\workdir\Github\ai_challenge_saiI\data\IMG\center_2022_04_20_18_01_08_990.jpg, C:\Users\tkmpa\workdir\Github\ai_challenge_saiI\data\IMG\left_2022_04_20_18_01_08_990.jpg, C:\Users\tkmpa\workdir\Github\ai_challenge_saiI\data\IMG\right_2022_04_20_18_01_08_990.jpg, 0, 1, 0, 14.85947
C:\Users\tkmpa\workdir\Github\ai_challenge_saiI\data\IMG\center_2022_04_20_18_01_09_094.jpg, C:\Users\tkmpa\workdir\Github\ai_challenge_saiI\data\IMG\left_2022_04_20_18_01_09_094.jpg, C:\Users\tkmpa\workdir\Github\ai_challenge_saiI\data\IMG\right_2022_04_20_18_01_09_094.jpg, 0, 1, 0, 15.83602
C:\Users\tkmpa\workdir\Github\ai_challenge_saiI\data\IMG\center_2022_04_20_18_01_09_197.jpg, C:\Users\tkmpa\workdir\Github\ai_challenge_saiI\data\IMG\left_2022_04_20_18_01_09_197.jpg, C:\Users\tkmpa\workdir\Github\ai_challenge_saiI\data\IMG\right_2022_04_20_18_01_09_197.jpg, -0.07202549, 1, 0, 17.01945
C:\Users\tkmpa\workdir\Github\ai_challenge_saiI\data\IMG\center_2022_04_20_18_01_09_302.jpg, C:\Users\tkmpa\workdir\Github\ai_challenge_saiI\data\IMG\left_2022_04_20_18_01_09_302.jpg, C:\Users\tkmpa\workdir\Github\ai_challenge_saiI\data\IMG\right_2022_04_20_18_01_09_302.jpg, -0.3651654, 1, 0, 17.83937
C:\Users\tkmpa\workdir\Github\ai_challenge_saiI\data\IMG\center_2022_04_20_18_01_09_405.jpg, C:\Users\tkmpa\workdir\Github\ai_challenge_saiI\data\IMG\left_2022_04_20_18_01_09_405.jpg, C:\Users\tkmpa\workdir\Github\ai_challenge_saiI\data\IMG\right_2022_04_20_18_01_09_405.jpg, -0.2008782, 1, 0, 19.02455
C:\Users\tkmpa\workdir\Github\ai_challenge_saiI\data\IMG\center_2022_04_20_18_01_09_510.jpg, C:\Users\tkmpa\workdir\Github\ai_challenge_saiI\data\IMG\left_2022_04_20_18_01_09_510.jpg, C:\Users\tkmpa\workdir\Github\ai_challenge_saiI\data\IMG\right_2022_04_20_18_01_09_510.jpg, 0, 1, 0, 20.15358
C:\Users\tkmpa\workdir\Github\ai_challenge_saiI\data\IMG\center_2022_04_20_18_01_09_612.jpg, C:\Users\tkmpa\workdir\Github\ai_challenge_saiI\data\IMG\left_2022_04_20_18_01_09_612.jpg, C:\Users\tkmpa\workdir\Github\ai_challenge_saiI\data\IMG\right_2022_04_20_18_01_09_612.jpg, -0.1109823, 1, 0, 21.0677
C:\Users\tkmpa\workdir\Github\ai_challenge_saiI\data\IMG\center_2022_04_20_18_01_09_714.jpg, C:\Users\tkmpa\workdir\Github\ai_challenge_saiI\data\IMG\left_2022_04_20_18_01_09_714.jpg, C:\Users\tkmpa\workdir\Github\ai_challenge_saiI\data\IMG\right_2022_04_20_18_01_09_714.jpg, -0.4164208, 1, 0, 22.04946
C:\Users\tkmpa\workdir\Github\ai_challenge_saiI\data\IMG\center_2022_04_20_18_01_09_816.jpg, C:\Users\tkmpa\workdir\Github\ai_challenge_saiI\data\IMG\left_2022_04_20_18_01_09_816.jpg, C:\Users\tkmpa\workdir\Github\ai_challenge_saiI\data\IMG\right_2022_04_20_18_01_09_816.jpg, -0.2605162, 1, 0, 22.94373
C:\Users\tkmpa\workdir\Github\ai_challenge_saiI\data\IMG\center_2022_04_20_18_01_09_917.jpg, C:\Users\tkmpa\workdir\Github\ai_challenge_saiI\data\IMG\left_2022_04_20_18_01_09_917.jpg, C:\Users\tkmpa\workdir\Github\ai_challenge_saiI\data\IMG\right_2022_04_20_18_01_09_917.jpg, 0, 1, 0, 23.9262
C:\Users\tkmpa\workdir\Github\ai_challenge_saiI\data\IMG\center_2022_04_20_18_01_10_023.jpg, C:\Users\tkmpa\workdir\Github\ai_challenge_saiI\data\IMG\left_2022_04_20_18_01_10_023.jpg, C:\Users\tkmpa\workdir\Github\ai_challenge_saiI\data\IMG\right_2022_04_20_18_01_10_023.jpg, -0.1738047, 1, 0, 25.07097
C:\Users\tkmpa\workdir\Github\ai_challenge_saiI\data\IMG\center_2022_04_20_18_01_10_125.jpg, C:\Users\tkmpa\workdir\Github\ai_challenge_saiI\data\IMG\left_2022_04_20_18_01_10_125.jpg, C:\Users\tkmpa\workdir\Github\ai_challenge_saiI\data\IMG\right_2022_04_20_18_01_10_125.jpg, -0.4813486, 1, 0, 25.91535
C:\Users\tkmpa\workdir\Github\ai_challenge_saiI\data\IMG\center_2022_04_20_18_01_10_228.jpg, C:\Users\tkmpa\workdir\Github\ai_challenge_saiI\data\IMG\left_2022_04_20_18_01_10_228.jpg, C:\Users\tkmpa\workdir\Github\ai_challenge_saiI\data\IMG\right_2022_04_20_18_01_10_228.jpg, -0.451195, 1, 0, 26.69181
C:\Users\tkmpa\workdir\Github\ai_challenge_saiI\data\IMG\center_2022_04_20_18_01_10_330.jpg, C:\Users\tkmpa\workdir\Github\ai_challenge_saiI\data\IMG\left_2022_04_20_18_01_10_330.jpg, C:\Users\tkmpa\workdir\Github\ai_challenge_saiI\data\IMG\right_2022_04_20_18_01_10_330.jpg, -0.1652359, 1, 0, 27.64956
C:\Users\tkmpa\workdir\Github\ai_challenge_saiI\data\IMG\center_2022_04_20_18_01_10_433.jpg, C:\Users\tkmpa\workdir\Github\ai_challenge_saiI\data\IMG\left_2022_04_20_18_01_10_433.jpg, C:\Users\tkmpa\workdir\Github\ai_challenge_saiI\data\IMG\right_2022_04_20_18_01_10_433.jpg, -0.1420959, 1, 0, 28.57493
C:\Users\tkmpa\workdir\Github\ai_challenge_saiI\data\IMG\center_2022_04_20_18_01_10_535.jpg, C:\Users\tkmpa\workdir\Github\ai_challenge_saiI\data\IMG\left_2022_04_20_18_01_10_535.jpg, C:\Users\tkmpa\workdir\Github\ai_challenge_saiI\data\IMG\right_2022_04_20_18_01_10_535.jpg, -0.4104378, 1, 0, 29.43653
C:\Users\tkmpa\workdir\Github\ai_challenge_saiI\data\IMG\center_2022_04_20_18_01_10_636.jpg, C:\Users\tkmpa\workdir\Github\ai_challenge_saiI\data\IMG\left_2022_04_20_18_01_10_636.jpg, C:\Users\tkmpa\workdir\Github\ai_challenge_saiI\data\IMG\right_2022_04_20_18_01_10_636.jpg, -0.1165461, 1, 0, 30.19241
C:\Users\tkmpa\workdir\Github\ai_challenge_saiI\data\IMG\center_2022_04_20_18_01_10_742.jpg, C:\Users\tkmpa\workdir\Github\ai_challenge_saiI\data\IMG\left_2022_04_20_18_01_10_742.jpg, C:\Users\tkmpa\workdir\Github\ai_challenge_saiI\data\IMG\right_2022_04_20_18_01_10_742.jpg, 0, 1, 0, 30.19035
C:\Users\tkmpa\workdir\Github\ai_challenge_saiI\data\IMG\center_2022_04_20_18_01_10_848.jpg, C:\Users\tkmpa\workdir\Github\ai_challenge_saiI\data\IMG\left_2022_04_20_18_01_10_848.jpg, C:\Users\tkmpa\workdir\Github\ai_challenge_saiI\data\IMG\right_2022_04_20_18_01_10_848.jpg, 0, 1, 0, 30.18954
C:\Users\tkmpa\workdir\Github\ai_challenge_saiI\data\IMG\center_2022_04_20_18_01_10_950.jpg, C:\Users\tkmpa\workdir\Github\ai_challenge_saiI\data\IMG\left_2022_04_20_18_01_10_950.jpg, C:\Users\tkmpa\workdir\Github\ai_challenge_saiI\data\IMG\right_2022_04_20_18_01_10_950.jpg, 0, 1, 0, 30.19032
C:\Users\tkmpa\workdir\Github\ai_challenge_saiI\data\IMG\center_2022_04_20_18_01_11_050.jpg, C:\Users\tkmpa\workdir\Github\ai_challenge_saiI\data\IMG\left_2022_04_20_18_01_11_050.jpg, C:\Users\tkmpa\workdir\Github\ai_challenge_saiI\data\IMG\right_2022_04_20_18_01_11_050.jpg, 0, 1, 0, 30.19032
C:\Users\tkmpa\workdir\Github\ai_challenge_saiI\data\IMG\center_2022_04_20_18_01_11_157.jpg, C:\Users\tkmpa\workdir\Github\ai_challenge_saiI\data\IMG\left_2022_04_20_18_01_11_157.jpg, C:\Users\tkmpa\workdir\Github\ai_challenge_saiI\data\IMG\right_2022_04_20_18_01_11_157.jpg, -0.1487457, 1, 0, 30.18425
C:\Users\tkmpa\workdir\Github\ai_challenge_saiI\data\IMG\center_2022_04_20_18_01_11_260.jpg, C:\Users\tkmpa\workdir\Github\ai_challenge_saiI\data\IMG\left_2022_04_20_18_01_11_260.jpg, C:\Users\tkmpa\workdir\Github\ai_challenge_saiI\data\IMG\right_2022_04_20_18_01_11_260.jpg, -0.1916775, 1, 0, 30.18667
C:\Users\tkmpa\workdir\Github\ai_challenge_saiI\data\IMG\center_2022_04_20_18_01_11_361.jpg, C:\Users\tkmpa\workdir\Github\ai_challenge_saiI\data\IMG\left_2022_04_20_18_01_11_361.jpg, C:\Users\tkmpa\workdir\Github\ai_challenge_saiI\data\IMG\right_2022_04_20_18_01_11_361.jpg, 0, 1, 0, 30.18933
C:\Users\tkmpa\workdir\Github\ai_challenge_saiI\data\IMG\center_2022_04_20_18_01_11_468.jpg, C:\Users\tkmpa\workdir\Github\ai_challenge_saiI\data\IMG\left_2022_04_20_18_01_11_468.jpg, C:\Users\tkmpa\workdir\Github\ai_challenge_saiI\data\IMG\right_2022_04_20_18_01_11_468.jpg, 0, 1, 0, 30.19023
C:\Users\tkmpa\workdir\Github\ai_challenge_saiI\data\IMG\center_2022_04_20_18_01_11_571.jpg, C:\Users\tkmpa\workdir\Github\ai_challenge_saiI\data\IMG\left_2022_04_20_18_01_11_571.jpg, C:\Users\tkmpa\workdir\Github\ai_challenge_saiI\data\IMG\right_2022_04_20_18_01_11_571.jpg, 0, 1, 0, 30.19046
C:\Users\tkmpa\workdir\Github\ai_challenge_saiI\data\IMG\center_2022_04_20_18_01_11_672.jpg, C:\Users\tkmpa\workdir\Github\ai_challenge_saiI\data\IMG\left_2022_04_20_18_01_11_672.jpg, C:\Users\tkmpa\workdir\Github\ai_challenge_saiI\data\IMG\right_2022_04_20_18_01_11_672.jpg, -0.2304924, 1, 0, 30.17673
C:\Users\tkmpa\workdir\Github\ai_challenge_saiI\data\IMG\center_2022_04_20_18_01_11_775.jpg, C:\Users\tkmpa\workdir\Github\ai_challenge_saiI\data\IMG\left_2022_04_20_18_01_11_775.jpg, C:\Users\tkmpa\workdir\Github\ai_challenge_saiI\data\IMG\right_2022_04_20_18_01_11_775.jpg, -0.3484696, 1, 0, 30.1722
C:\Users\tkmpa\workdir\Github\ai_challenge_saiI\data\IMG\center_2022_04_20_18_01_11_878.jpg, C:\Users\tkmpa\workdir\Github\ai_challenge_saiI\data\IMG\left_2022_04_20_18_01_11_878.jpg, C:\Users\tkmpa\workdir\Github\ai_challenge_saiI\data\IMG\right_2022_04_20_18_01_11_878.jpg, -0.06112203, 1, 0, 30.19064
C:\Users\tkmpa\workdir\Github\ai_challenge_saiI\data\IMG\center_2022_04_20_18_01_11_983.jpg, C:\Users\tkmpa\workdir\Github\ai_challenge_saiI\data\IMG\left_2022_04_20_18_01_11_983.jpg, C:\Users\tkmpa\workdir\Github\ai_challenge_saiI\data\IMG\right_2022_04_20_18_01_11_983.jpg, 0, 1, 0, 30.1898
C:\Users\tkmpa\workdir\Github\ai_challenge_saiI\data\IMG\center_2022_04_20_18_01_12_089.jpg, C:\Users\tkmpa\workdir\Github\ai_challenge_saiI\data\IMG\left_2022_04_20_18_01_12_089.jpg, C:\Users\tkmpa\workdir\Github\ai_challenge_saiI\data\IMG\right_2022_04_20_18_01_12_089.jpg, 0, 1, 0, 30.19046
C:\Users\tkmpa\workdir\Github\ai_challenge_saiI\data\IMG\center_2022_04_20_18_01_12_195.jpg, C:\Users\tkmpa\workdir\Github\ai_challenge_saiI\data\IMG\left_2022_04_20_18_01_12_195.jpg, C:\Users\tkmpa\workdir\Github\ai_challenge_saiI\data\IMG\right_2022_04_20_18_01_12_195.jpg, 0, 1, 0, 30.19031
C:\Users\tkmpa\workdir\Github\ai_challenge_saiI\data\IMG\center_2022_04_20_18_01_12_303.jpg, C:\Users\tkmpa\workdir\Github\ai_challenge_saiI\data\IMG\left_2022_04_20_18_01_12_303.jpg, C:\Users\tkmpa\workdir\Github\ai_challenge_saiI\data\IMG\right_2022_04_20_18_01_12_303.jpg, 0, 1, 0, 30.18995
C:\Users\tkmpa\workdir\Github\ai_challenge_saiI\data\IMG\center_2022_04_20_18_01_12_408.jpg, C:\Users\tkmpa\workdir\Github\ai_challenge_saiI\data\IMG\left_2022_04_20_18_01_12_408.jpg, C:\Users\tkmpa\workdir\Github\ai_challenge_saiI\data\IMG\right_2022_04_20_18_01_12_408.jpg, 0, 1, 0, 30.19033
C:\Users\tkmpa\workdir\Github\ai_challenge_saiI\data\IMG\center_2022_04_20_18_01_12_515.jpg, C:\Users\tkmpa\workdir\Github\ai_challenge_saiI\data\IMG\left_2022_04_20_18_01_12_515.jpg, C:\Users\tkmpa\workdir\Github\ai_challenge_saiI\data\IMG\right_2022_04_20_18_01_12_515.jpg, 0, 1, 0, 30.19032
C:\Users\tkmpa\workdir\Github\ai_challenge_saiI\data\IMG\center_2022_04_20_18_01_12_618.jpg, C:\Users\tkmpa\workdir\Github\ai_challenge_saiI\data\IMG\left_2022_04_20_18_01_12_618.jpg, C:\Users\tkmpa\workdir\Github\ai_challenge_saiI\data\IMG\right_2022_04_20_18_01_12_618.jpg, 0, 1, 0, 30.19032
C:\Users\tkmpa\workdir\Github\ai_challenge_saiI\data\IMG\center_2022_04_20_18_01_12_720.jpg, C:\Users\tkmpa\workdir\Github\ai_challenge_saiI\data\IMG\left_2022_04_20_18_01_12_720.jpg, C:\Users\tkmpa\workdir\Github\ai_challenge_saiI\data\IMG\right_2022_04_20_18_01_12_720.jpg, -0.1181349, 1, 0, 30.18643
C:\Users\tkmpa\workdir\Github\ai_challenge_saiI\data\IMG\center_2022_04_20_18_01_12_823.jpg, C:\Users\tkmpa\workdir\Github\ai_challenge_saiI\data\IMG\left_2022_04_20_18_01_12_823.jpg, C:\Users\tkmpa\workdir\Github\ai_challenge_saiI\data\IMG\right_2022_04_20_18_01_12_823.jpg, -0.04782961, 1, 0, 30.19075
C:\Users\tkmpa\workdir\Github\ai_challenge_saiI\data\IMG\center_2022_04_20_18_01_12_927.jpg, C:\Users\tkmpa\workdir\Github\ai_challenge_saiI\data\IMG\left_2022_04_20_18_01_12_927.jpg, C:\Users\tkmpa\workdir\Github\ai_challenge_saiI\data\IMG\right_2022_04_20_18_01_12_927.jpg, 0, 1, 0, 30.18965
C:\Users\tkmpa\workdir\Github\ai_challenge_saiI\data\IMG\center_2022_04_20_18_01_13_029.jpg, C:\Users\tkmpa\workdir\Github\ai_challenge_saiI\data\IMG\left_2022_04_20_18_01_13_029.jpg, C:\Users\tkmpa\workdir\Github\ai_challenge_saiI\data\IMG\right_2022_04_20_18_01_13_029.jpg, 0, 1, 0, 30.19026
C:\Users\tkmpa\workdir\Github\ai_challenge_saiI\data\IMG\center_2022_04_20_18_01_13_132.jpg, C:\Users\tkmpa\workdir\Github\ai_challenge_saiI\data\IMG\left_2022_04_20_18_01_13_132.jpg, C:\Users\tkmpa\workdir\Github\ai_challenge_saiI\data\IMG\right_2022_04_20_18_01_13_132.jpg, 0, 1, 0, 30.18996
C:\Users\tkmpa\workdir\Github\ai_challenge_saiI\data\IMG\center_2022_04_20_18_01_13_238.jpg, C:\Users\tkmpa\workdir\Github\ai_challenge_saiI\data\IMG\left_2022_04_20_18_01_13_238.jpg, C:\Users\tkmpa\workdir\Github\ai_challenge_saiI\data\IMG\right_2022_04_20_18_01_13_238.jpg, -0.1452045, 1, 0, 30.18498
C:\Users\tkmpa\workdir\Github\ai_challenge_saiI\data\IMG\center_2022_04_20_18_01_13_345.jpg, C:\Users\tkmpa\workdir\Github\ai_challenge_saiI\data\IMG\left_2022_04_20_18_01_13_345.jpg, C:\Users\tkmpa\workdir\Github\ai_challenge_saiI\data\IMG\right_2022_04_20_18_01_13_345.jpg, -0.3923424, 1, 0, 30.15942
C:\Users\tkmpa\workdir\Github\ai_challenge_saiI\data\IMG\center_2022_04_20_18_01_13_449.jpg, C:\Users\tkmpa\workdir\Github\ai_challenge_saiI\data\IMG\left_2022_04_20_18_01_13_449.jpg, C:\Users\tkmpa\workdir\Github\ai_challenge_saiI\data\IMG\right_2022_04_20_18_01_13_449.jpg, -0.07876132, 1, 0, 30.19119
C:\Users\tkmpa\workdir\Github\ai_challenge_saiI\data\IMG\center_2022_04_20_18_01_13_557.jpg, C:\Users\tkmpa\workdir\Github\ai_challenge_saiI\data\IMG\left_2022_04_20_18_01_13_557.jpg, C:\Users\tkmpa\workdir\Github\ai_challenge_saiI\data\IMG\right_2022_04_20_18_01_13_557.jpg, 0, 1, 0, 30.18932
C:\Users\tkmpa\workdir\Github\ai_challenge_saiI\data\IMG\center_2022_04_20_18_01_13_663.jpg, C:\Users\tkmpa\workdir\Github\ai_challenge_saiI\data\IMG\left_2022_04_20_18_01_13_663.jpg, C:\Users\tkmpa\workdir\Github\ai_challenge_saiI\data\IMG\right_2022_04_20_18_01_13_663.jpg, 0, 1, 0, 30.19023
C:\Users\tkmpa\workdir\Github\ai_challenge_saiI\data\IMG\center_2022_04_20_18_01_13_770.jpg, C:\Users\tkmpa\workdir\Github\ai_challenge_saiI\data\IMG\left_2022_04_20_18_01_13_770.jpg, C:\Users\tkmpa\workdir\Github\ai_challenge_saiI\data\IMG\right_2022_04_20_18_01_13_770.jpg, 0, 1, 0, 30.19045
C:\Users\tkmpa\workdir\Github\ai_challenge_saiI\data\IMG\center_2022_04_20_18_01_13_872.jpg, C:\Users\tkmpa\workdir\Github\ai_challenge_saiI\data\IMG\left_2022_04_20_18_01_13_872.jpg, C:\Users\tkmpa\workdir\Github\ai_challenge_saiI\data\IMG\right_2022_04_20_18_01_13_872.jpg, 0, 1, 0, 30.19033
C:\Users\tkmpa\workdir\Github\ai_challenge_saiI\data\IMG\center_2022_04_20_18_01_13_974.jpg, C:\Users\tkmpa\workdir\Github\ai_challenge_saiI\data\IMG\left_2022_04_20_18_01_13_974.jpg, C:\Users\tkmpa\workdir\Github\ai_challenge_saiI\data\IMG\right_2022_04_20_18_01_13_974.jpg, -0.166284, 1, 0, 30.18291
C:\Users\tkmpa\workdir\Github\ai_challenge_saiI\data\IMG\center_2022_04_20_18_01_14_077.jpg, C:\Users\tkmpa\workdir\Github\ai_challenge_saiI\data\IMG\left_2022_04_20_18_01_14_077.jpg, C:\Users\tkmpa\workdir\Github\ai_challenge_saiI\data\IMG\right_2022_04_20_18_01_14_077.jpg, -0.0781281, 1, 0, 30.19065
C:\Users\tkmpa\workdir\Github\ai_challenge_saiI\data\IMG\center_2022_04_20_18_01_14_184.jpg, C:\Users\tkmpa\workdir\Github\ai_challenge_saiI\data\IMG\left_2022_04_20_18_01_14_184.jpg, C:\Users\tkmpa\workdir\Github\ai_challenge_saiI\data\IMG\right_2022_04_20_18_01_14_184.jpg, 0, 1, 0, 30.1901
C:\Users\tkmpa\workdir\Github\ai_challenge_saiI\data\IMG\center_2022_04_20_18_01_14_290.jpg, C:\Users\tkmpa\workdir\Github\ai_challenge_saiI\data\IMG\left_2022_04_20_18_01_14_290.jpg, C:\Users\tkmpa\workdir\Github\ai_challenge_saiI\data\IMG\right_2022_04_20_18_01_14_290.jpg, 0, 1, 0, 30.19029
C:\Users\tkmpa\workdir\Github\ai_challenge_saiI\data\IMG\center_2022_04_20_18_01_14_398.jpg, C:\Users\tkmpa\workdir\Github\ai_challenge_saiI\data\IMG\left_2022_04_20_18_01_14_398.jpg, C:\Users\tkmpa\workdir\Github\ai_challenge_saiI\data\IMG\right_2022_04_20_18_01_14_398.jpg, 0, 1, 0, 30.19031
C:\Users\tkmpa\workdir\Github\ai_challenge_saiI\data\IMG\center_2022_04_20_18_01_14_505.jpg, C:\Users\tkmpa\workdir\Github\ai_challenge_saiI\data\IMG\left_2022_04_20_18_01_14_505.jpg, C:\Users\tkmpa\workdir\Github\ai_challenge_saiI\data\IMG\right_2022_04_20_18_01_14_505.jpg, 0, 1, 0, 30.1903
C:\Users\tkmpa\workdir\Github\ai_challenge_saiI\data\IMG\center_2022_04_20_18_01_14_615.jpg, C:\Users\tkmpa\workdir\Github\ai_challenge_saiI\data\IMG\left_2022_04_20_18_01_14_615.jpg, C:\Users\tkmpa\workdir\Github\ai_challenge_saiI\data\IMG\right_2022_04_20_18_01_14_615.jpg, 0, 1, 0, 30.19032
C:\Users\tkmpa\workdir\Github\ai_challenge_saiI\data\IMG\center_2022_04_20_18_01_14_716.jpg, C:\Users\tkmpa\workdir\Github\ai_challenge_saiI\data\IMG\left_2022_04_20_18_01_14_716.jpg, C:\Users\tkmpa\workdir\Github\ai_challenge_saiI\data\IMG\right_2022_04_20_18_01_14_716.jpg, -0.302661, 1, 0, 30.16755
C:\Users\tkmpa\workdir\Github\ai_challenge_saiI\data\IMG\center_2022_04_20_18_01_14_818.jpg, C:\Users\tkmpa\workdir\Github\ai_challenge_saiI\data\IMG\left_2022_04_20_18_01_14_818.jpg, C:\Users\tkmpa\workdir\Github\ai_challenge_saiI\data\IMG\right_2022_04_20_18_01_14_818.jpg, -0.4113039, 1, 0, 30.16916
C:\Users\tkmpa\workdir\Github\ai_challenge_saiI\data\IMG\center_2022_04_20_18_01_14_929.jpg, C:\Users\tkmpa\workdir\Github\ai_challenge_saiI\data\IMG\left_2022_04_20_18_01_14_929.jpg, C:\Users\tkmpa\workdir\Github\ai_challenge_saiI\data\IMG\right_2022_04_20_18_01_14_929.jpg, -0.04910939, 1, 0, 30.18904
C:\Users\tkmpa\workdir\Github\ai_challenge_saiI\data\IMG\center_2022_04_20_18_01_15_029.jpg, C:\Users\tkmpa\workdir\Github\ai_challenge_saiI\data\IMG\left_2022_04_20_18_01_15_029.jpg, C:\Users\tkmpa\workdir\Github\ai_challenge_saiI\data\IMG\right_2022_04_20_18_01_15_029.jpg, 0, 1, 0, 30.18937
C:\Users\tkmpa\workdir\Github\ai_challenge_saiI\data\IMG\center_2022_04_20_18_01_15_130.jpg, C:\Users\tkmpa\workdir\Github\ai_challenge_saiI\data\IMG\left_2022_04_20_18_01_15_130.jpg, C:\Users\tkmpa\workdir\Github\ai_challenge_saiI\data\IMG\right_2022_04_20_18_01_15_130.jpg, 0, 1, 0, 30.19021
C:\Users\tkmpa\workdir\Github\ai_challenge_saiI\data\IMG\center_2022_04_20_18_01_15_232.jpg, C:\Users\tkmpa\workdir\Github\ai_challenge_saiI\data\IMG\left_2022_04_20_18_01_15_232.jpg, C:\Users\tkmpa\workdir\Github\ai_challenge_saiI\data\IMG\right_2022_04_20_18_01_15_232.jpg, 0, 1, 0, 30.19029
C:\Users\tkmpa\workdir\Github\ai_challenge_saiI\data\IMG\center_2022_04_20_18_01_15_335.jpg, C:\Users\tkmpa\workdir\Github\ai_challenge_saiI\data\IMG\left_2022_04_20_18_01_15_335.jpg, C:\Users\tkmpa\workdir\Github\ai_challenge_saiI\data\IMG\right_2022_04_20_18_01_15_335.jpg, 0, 1, 0, 30.19029
C:\Users\tkmpa\workdir\Github\ai_challenge_saiI\data\IMG\center_2022_04_20_18_01_15_439.jpg, C:\Users\tkmpa\workdir\Github\ai_challenge_saiI\data\IMG\left_2022_04_20_18_01_15_439.jpg, C:\Users\tkmpa\workdir\Github\ai_challenge_saiI\data\IMG\right_2022_04_20_18_01_15_439.jpg, 0, 1, 0, 30.19028
C:\Users\tkmpa\workdir\Github\ai_challenge_saiI\data\IMG\center_2022_04_20_18_01_15_540.jpg, C:\Users\tkmpa\workdir\Github\ai_challenge_saiI\data\IMG\left_2022_04_20_18_01_15_540.jpg, C:\Users\tkmpa\workdir\Github\ai_challenge_saiI\data\IMG\right_2022_04_20_18_01_15_540.jpg, 0, 1, 0, 30.19029
C:\Users\tkmpa\workdir\Github\ai_challenge_saiI\data\IMG\center_2022_04_20_18_01_15_640.jpg, C:\Users\tkmpa\workdir\Github\ai_challenge_saiI\data\IMG\left_2022_04_20_18_01_15_640.jpg, C:\Users\tkmpa\workdir\Github\ai_challenge_saiI\data\IMG\right_2022_04_20_18_01_15_640.jpg, 0, 1, 0, 30.1903
C:\Users\tkmpa\workdir\Github\ai_challenge_saiI\data\IMG\center_2022_04_20_18_01_15_743.jpg, C:\Users\tkmpa\workdir\Github\ai_challenge_saiI\data\IMG\left_2022_04_20_18_01_15_743.jpg, C:\Users\tkmpa\workdir\Github\ai_challenge_saiI\data\IMG\right_2022_04_20_18_01_15_743.jpg, 0, 1, 0, 30.19027
C:\Users\tkmpa\workdir\Github\ai_challenge_saiI\data\IMG\center_2022_04_20_18_01_15_854.jpg, C:\Users\tkmpa\workdir\Github\ai_challenge_saiI\data\IMG\left_2022_04_20_18_01_15_854.jpg, C:\Users\tkmpa\workdir\Github\ai_challenge_saiI\data\IMG\right_2022_04_20_18_01_15_854.jpg, 0, 1, 0, 30.19032
C:\Users\tkmpa\workdir\Github\ai_challenge_saiI\data\IMG\center_2022_04_20_18_01_15_954.jpg, C:\Users\tkmpa\workdir\Github\ai_challenge_saiI\data\IMG\left_2022_04_20_18_01_15_954.jpg, C:\Users\tkmpa\workdir\Github\ai_challenge_saiI\data\IMG\right_2022_04_20_18_01_15_954.jpg, 0, 1, 0, 30.19031
C:\Users\tkmpa\workdir\Github\ai_challenge_saiI\data\IMG\center_2022_04_20_18_01_16_055.jpg, C:\Users\tkmpa\workdir\Github\ai_challenge_saiI\data\IMG\left_2022_04_20_18_01_16_055.jpg, C:\Users\tkmpa\workdir\Github\ai_challenge_saiI\data\IMG\right_2022_04_20_18_01_16_055.jpg, 0, 1, 0, 30.1903
C:\Users\tkmpa\workdir\Github\ai_challenge_saiI\data\IMG\center_2022_04_20_18_01_16_158.jpg, C:\Users\tkmpa\workdir\Github\ai_challenge_saiI\data\IMG\left_2022_04_20_18_01_16_158.jpg, C:\Users\tkmpa\workdir\Github\ai_challenge_saiI\data\IMG\right_2022_04_20_18_01_16_158.jpg, 0, 1, 0, 30.19029
C:\Users\tkmpa\workdir\Github\ai_challenge_saiI\data\IMG\center_2022_04_20_18_01_16_259.jpg, C:\Users\tkmpa\workdir\Github\ai_challenge_saiI\data\IMG\left_2022_04_20_18_01_16_259.jpg, C:\Users\tkmpa\workdir\Github\ai_challenge_saiI\data\IMG\right_2022_04_20_18_01_16_259.jpg, 0, 1, 0, 30.19029
C:\Users\tkmpa\workdir\Github\ai_challenge_saiI\data\IMG\center_2022_04_20_18_01_16_361.jpg, C:\Users\tkmpa\workdir\Github\ai_challenge_saiI\data\IMG\left_2022_04_20_18_01_16_361.jpg, C:\Users\tkmpa\workdir\Github\ai_challenge_saiI\data\IMG\right_2022_04_20_18_01_16_361.jpg, -0.2360535, 1, 0, 30.17724
C:\Users\tkmpa\workdir\Github\ai_challenge_saiI\data\IMG\center_2022_04_20_18_01_16_469.jpg, C:\Users\tkmpa\workdir\Github\ai_challenge_saiI\data\IMG\left_2022_04_20_18_01_16_469.jpg, C:\Users\tkmpa\workdir\Github\ai_challenge_saiI\data\IMG\right_2022_04_20_18_01_16_469.jpg, 0, 1, 0, 30.18984
C:\Users\tkmpa\workdir\Github\ai_challenge_saiI\data\IMG\center_2022_04_20_18_01_16_576.jpg, C:\Users\tkmpa\workdir\Github\ai_challenge_saiI\data\IMG\left_2022_04_20_18_01_16_576.jpg, C:\Users\tkmpa\workdir\Github\ai_challenge_saiI\data\IMG\right_2022_04_20_18_01_16_576.jpg, 0, 1, 0, 30.19021
C:\Users\tkmpa\workdir\Github\ai_challenge_saiI\data\IMG\center_2022_04_20_18_01_16_682.jpg, C:\Users\tkmpa\workdir\Github\ai_challenge_saiI\data\IMG\left_2022_04_20_18_01_16_682.jpg, C:\Users\tkmpa\workdir\Github\ai_challenge_saiI\data\IMG\right_2022_04_20_18_01_16_682.jpg, 0, 1, 0, 30.19036
C:\Users\tkmpa\workdir\Github\ai_challenge_saiI\data\IMG\center_2022_04_20_18_01_16_785.jpg, C:\Users\tkmpa\workdir\Github\ai_challenge_saiI\data\IMG\left_2022_04_20_18_01_16_785.jpg, C:\Users\tkmpa\workdir\Github\ai_challenge_saiI\data\IMG\right_2022_04_20_18_01_16_785.jpg, -0.2469186, 1, 0, 30.17475
C:\Users\tkmpa\workdir\Github\ai_challenge_saiI\data\IMG\center_2022_04_20_18_01_16_889.jpg, C:\Users\tkmpa\workdir\Github\ai_challenge_saiI\data\IMG\left_2022_04_20_18_01_16_889.jpg, C:\Users\tkmpa\workdir\Github\ai_challenge_saiI\data\IMG\right_2022_04_20_18_01_16_889.jpg, -0.2688771, 1, 0, 30.1831
C:\Users\tkmpa\workdir\Github\ai_challenge_saiI\data\IMG\center_2022_04_20_18_01_16_997.jpg, C:\Users\tkmpa\workdir\Github\ai_challenge_saiI\data\IMG\left_2022_04_20_18_01_16_997.jpg, C:\Users\tkmpa\workdir\Github\ai_challenge_saiI\data\IMG\right_2022_04_20_18_01_16_997.jpg, 0, 1, 0, 30.18731
C:\Users\tkmpa\workdir\Github\ai_challenge_saiI\data\IMG\center_2022_04_20_18_01_17_097.jpg, C:\Users\tkmpa\workdir\Github\ai_challenge_saiI\data\IMG\left_2022_04_20_18_01_17_097.jpg, C:\Users\tkmpa\workdir\Github\ai_challenge_saiI\data\IMG\right_2022_04_20_18_01_17_097.jpg, 0, 1, 0, 30.18997
C:\Users\tkmpa\workdir\Github\ai_challenge_saiI\data\IMG\center_2022_04_20_18_01_17_200.jpg, C:\Users\tkmpa\workdir\Github\ai_challenge_saiI\data\IMG\left_2022_04_20_18_01_17_200.jpg, C:\Users\tkmpa\workdir\Github\ai_challenge_saiI\data\IMG\right_2022_04_20_18_01_17_200.jpg, 0, 1, 0, 30.19028
C:\Users\tkmpa\workdir\Github\ai_challenge_saiI\data\IMG\center_2022_04_20_18_01_17_301.jpg, C:\Users\tkmpa\workdir\Github\ai_challenge_saiI\data\IMG\left_2022_04_20_18_01_17_301.jpg, C:\Users\tkmpa\workdir\Github\ai_challenge_saiI\data\IMG\right_2022_04_20_18_01_17_301.jpg, -0.3080061, 1, 0, 30.16935
C:\Users\tkmpa\workdir\Github\ai_challenge_saiI\data\IMG\center_2022_04_20_18_01_17_407.jpg, C:\Users\tkmpa\workdir\Github\ai_challenge_saiI\data\IMG\left_2022_04_20_18_01_17_407.jpg, C:\Users\tkmpa\workdir\Github\ai_challenge_saiI\data\IMG\right_2022_04_20_18_01_17_407.jpg, -0.1583091, 1, 0, 30.19159
C:\Users\tkmpa\workdir\Github\ai_challenge_saiI\data\IMG\center_2022_04_20_18_01_17_517.jpg, C:\Users\tkmpa\workdir\Github\ai_challenge_saiI\data\IMG\left_2022_04_20_18_01_17_517.jpg, C:\Users\tkmpa\workdir\Github\ai_challenge_saiI\data\IMG\right_2022_04_20_18_01_17_517.jpg, 0, 1, 0, 30.18937
C:\Users\tkmpa\workdir\Github\ai_challenge_saiI\data\IMG\center_2022_04_20_18_01_17_625.jpg, C:\Users\tkmpa\workdir\Github\ai_challenge_saiI\data\IMG\left_2022_04_20_18_01_17_625.jpg, C:\Users\tkmpa\workdir\Github\ai_challenge_saiI\data\IMG\right_2022_04_20_18_01_17_625.jpg, 0, 1, 0, 30.19023
C:\Users\tkmpa\workdir\Github\ai_challenge_saiI\data\IMG\center_2022_04_20_18_01_17_732.jpg, C:\Users\tkmpa\workdir\Github\ai_challenge_saiI\data\IMG\left_2022_04_20_18_01_17_732.jpg, C:\Users\tkmpa\workdir\Github\ai_challenge_saiI\data\IMG\right_2022_04_20_18_01_17_732.jpg, 0, 1, 0, 30.19024
C:\Users\tkmpa\workdir\Github\ai_challenge_saiI\data\IMG\center_2022_04_20_18_01_17_838.jpg, C:\Users\tkmpa\workdir\Github\ai_challenge_saiI\data\IMG\left_2022_04_20_18_01_17_838.jpg, C:\Users\tkmpa\workdir\Github\ai_challenge_saiI\data\IMG\right_2022_04_20_18_01_17_838.jpg, 0, 1, 0, 30.19029
C:\Users\tkmpa\workdir\Github\ai_challenge_saiI\data\IMG\center_2022_04_20_18_01_17_949.jpg, C:\Users\tkmpa\workdir\Github\ai_challenge_saiI\data\IMG\left_2022_04_20_18_01_17_949.jpg, C:\Users\tkmpa\workdir\Github\ai_challenge_saiI\data\IMG\right_2022_04_20_18_01_17_949.jpg, 0, 1, 0, 30.19034
C:\Users\tkmpa\workdir\Github\ai_challenge_saiI\data\IMG\center_2022_04_20_18_01_18_057.jpg, C:\Users\tkmpa\workdir\Github\ai_challenge_saiI\data\IMG\left_2022_04_20_18_01_18_057.jpg, C:\Users\tkmpa\workdir\Github\ai_challenge_saiI\data\IMG\right_2022_04_20_18_01_18_057.jpg, -0.1100892, 1, 0, 30.18685
C:\Users\tkmpa\workdir\Github\ai_challenge_saiI\data\IMG\center_2022_04_20_18_01_18_161.jpg, C:\Users\tkmpa\workdir\Github\ai_challenge_saiI\data\IMG\left_2022_04_20_18_01_18_161.jpg, C:\Users\tkmpa\workdir\Github\ai_challenge_saiI\data\IMG\right_2022_04_20_18_01_18_161.jpg, -0.2828538, 1, 0, 30.17398
C:\Users\tkmpa\workdir\Github\ai_challenge_saiI\data\IMG\center_2022_04_20_18_01_18_265.jpg, C:\Users\tkmpa\workdir\Github\ai_challenge_saiI\data\IMG\left_2022_04_20_18_01_18_265.jpg, C:\Users\tkmpa\workdir\Github\ai_challenge_saiI\data\IMG\right_2022_04_20_18_01_18_265.jpg, 0, 1, 0, 30.18849
C:\Users\tkmpa\workdir\Github\ai_challenge_saiI\data\IMG\center_2022_04_20_18_01_18_370.jpg, C:\Users\tkmpa\workdir\Github\ai_challenge_saiI\data\IMG\left_2022_04_20_18_01_18_370.jpg, C:\Users\tkmpa\workdir\Github\ai_challenge_saiI\data\IMG\right_2022_04_20_18_01_18_370.jpg, 0, 1, 0, 30.19009
C:\Users\tkmpa\workdir\Github\ai_challenge_saiI\data\IMG\center_2022_04_20_18_01_18_477.jpg, C:\Users\tkmpa\workdir\Github\ai_challenge_saiI\data\IMG\left_2022_04_20_18_01_18_477.jpg, C:\Users\tkmpa\workdir\Github\ai_challenge_saiI\data\IMG\right_2022_04_20_18_01_18_477.jpg, 0, 1, 0, 30.19029
C:\Users\tkmpa\workdir\Github\ai_challenge_saiI\data\IMG\center_2022_04_20_18_01_18_587.jpg, C:\Users\tkmpa\workdir\Github\ai_challenge_saiI\data\IMG\left_2022_04_20_18_01_18_587.jpg, C:\Users\tkmpa\workdir\Github\ai_challenge_saiI\data\IMG\right_2022_04_20_18_01_18_587.jpg, 0, 1, 0, 30.19032
C:\Users\tkmpa\workdir\Github\ai_challenge_saiI\data\IMG\center_2022_04_20_18_01_18_700.jpg, C:\Users\tkmpa\workdir\Github\ai_challenge_saiI\data\IMG\left_2022_04_20_18_01_18_700.jpg, C:\Users\tkmpa\workdir\Github\ai_challenge_saiI\data\IMG\right_2022_04_20_18_01_18_700.jpg, 0, 1, 0, 30.1903
C:\Users\tkmpa\workdir\Github\ai_challenge_saiI\data\IMG\center_2022_04_20_18_01_18_800.jpg, C:\Users\tkmpa\workdir\Github\ai_challenge_saiI\data\IMG\left_2022_04_20_18_01_18_800.jpg, C:\Users\tkmpa\workdir\Github\ai_challenge_saiI\data\IMG\right_2022_04_20_18_01_18_800.jpg, -0.0782508, 1, 0, 30.18887
C:\Users\tkmpa\workdir\Github\ai_challenge_saiI\data\IMG\center_2022_04_20_18_01_18_912.jpg, C:\Users\tkmpa\workdir\Github\ai_challenge_saiI\data\IMG\left_2022_04_20_18_01_18_912.jpg, C:\Users\tkmpa\workdir\Github\ai_challenge_saiI\data\IMG\right_2022_04_20_18_01_18_912.jpg, -0.2198412, 1, 0, 30.18448
C:\Users\tkmpa\workdir\Github\ai_challenge_saiI\data\IMG\center_2022_04_20_18_01_19_017.jpg, C:\Users\tkmpa\workdir\Github\ai_challenge_saiI\data\IMG\left_2022_04_20_18_01_19_017.jpg, C:\Users\tkmpa\workdir\Github\ai_challenge_saiI\data\IMG\right_2022_04_20_18_01_19_017.jpg, 0, 1, 0, 30.18858
C:\Users\tkmpa\workdir\Github\ai_challenge_saiI\data\IMG\center_2022_04_20_18_01_19_124.jpg, C:\Users\tkmpa\workdir\Github\ai_challenge_saiI\data\IMG\left_2022_04_20_18_01_19_124.jpg, C:\Users\tkmpa\workdir\Github\ai_challenge_saiI\data\IMG\right_2022_04_20_18_01_19_124.jpg, 0, 1, 0, 30.1902
C:\Users\tkmpa\workdir\Github\ai_challenge_saiI\data\IMG\center_2022_04_20_18_01_19_229.jpg, C:\Users\tkmpa\workdir\Github\ai_challenge_saiI\data\IMG\left_2022_04_20_18_01_19_229.jpg, C:\Users\tkmpa\workdir\Github\ai_challenge_saiI\data\IMG\right_2022_04_20_18_01_19_229.jpg, 0, 1, 0, 30.19027
C:\Users\tkmpa\workdir\Github\ai_challenge_saiI\data\IMG\center_2022_04_20_18_01_19_335.jpg, C:\Users\tkmpa\workdir\Github\ai_challenge_saiI\data\IMG\left_2022_04_20_18_01_19_335.jpg, C:\Users\tkmpa\workdir\Github\ai_challenge_saiI\data\IMG\right_2022_04_20_18_01_19_335.jpg, 0, 1, 0, 30.19031
C:\Users\tkmpa\workdir\Github\ai_challenge_saiI\data\IMG\center_2022_04_20_18_01_19_442.jpg, C:\Users\tkmpa\workdir\Github\ai_challenge_saiI\data\IMG\left_2022_04_20_18_01_19_442.jpg, C:\Users\tkmpa\workdir\Github\ai_challenge_saiI\data\IMG\right_2022_04_20_18_01_19_442.jpg, 0, 1, 0, 30.19031
C:\Users\tkmpa\workdir\Github\ai_challenge_saiI\data\IMG\center_2022_04_20_18_01_19_547.jpg, C:\Users\tkmpa\workdir\Github\ai_challenge_saiI\data\IMG\left_2022_04_20_18_01_19_547.jpg, C:\Users\tkmpa\workdir\Github\ai_challenge_saiI\data\IMG\right_2022_04_20_18_01_19_547.jpg, 0, 1, 0, 30.19029
C:\Users\tkmpa\workdir\Github\ai_challenge_saiI\data\IMG\center_2022_04_20_18_01_19_650.jpg, C:\Users\tkmpa\workdir\Github\ai_challenge_saiI\data\IMG\left_2022_04_20_18_01_19_650.jpg, C:\Users\tkmpa\workdir\Github\ai_challenge_saiI\data\IMG\right_2022_04_20_18_01_19_650.jpg, 0, 1, 0, 30.19029
C:\Users\tkmpa\workdir\Github\ai_challenge_saiI\data\IMG\center_2022_04_20_18_01_19_755.jpg, C:\Users\tkmpa\workdir\Github\ai_challenge_saiI\data\IMG\left_2022_04_20_18_01_19_755.jpg, C:\Users\tkmpa\workdir\Github\ai_challenge_saiI\data\IMG\right_2022_04_20_18_01_19_755.jpg, 0, 1, 0, 30.19029
C:\Users\tkmpa\workdir\Github\ai_challenge_saiI\data\IMG\center_2022_04_20_18_01_19_859.jpg, C:\Users\tkmpa\workdir\Github\ai_challenge_saiI\data\IMG\left_2022_04_20_18_01_19_859.jpg, C:\Users\tkmpa\workdir\Github\ai_challenge_saiI\data\IMG\right_2022_04_20_18_01_19_859.jpg, 0, 1, 0, 30.19053
C:\Users\tkmpa\workdir\Github\ai_challenge_saiI\data\IMG\center_2022_04_20_18_01_19_964.jpg, C:\Users\tkmpa\workdir\Github\ai_challenge_saiI\data\IMG\left_2022_04_20_18_01_19_964.jpg, C:\Users\tkmpa\workdir\Github\ai_challenge_saiI\data\IMG\right_2022_04_20_18_01_19_964.jpg, 0, 1, 0, 30.19031
C:\Users\tkmpa\workdir\Github\ai_challenge_saiI\data\IMG\center_2022_04_20_18_01_20_072.jpg, C:\Users\tkmpa\workdir\Github\ai_challenge_saiI\data\IMG\left_2022_04_20_18_01_20_072.jpg, C:\Users\tkmpa\workdir\Github\ai_challenge_saiI\data\IMG\right_2022_04_20_18_01_20_072.jpg, 0, 1, 0, 30.19055
C:\Users\tkmpa\workdir\Github\ai_challenge_saiI\data\IMG\center_2022_04_20_18_01_20_185.jpg, C:\Users\tkmpa\workdir\Github\ai_challenge_saiI\data\IMG\left_2022_04_20_18_01_20_185.jpg, C:\Users\tkmpa\workdir\Github\ai_challenge_saiI\data\IMG\right_2022_04_20_18_01_20_185.jpg, 0, 1, 0, 30.1903
C:\Users\tkmpa\workdir\Github\ai_challenge_saiI\data\IMG\center_2022_04_20_18_01_20_294.jpg, C:\Users\tkmpa\workdir\Github\ai_challenge_saiI\data\IMG\left_2022_04_20_18_01_20_294.jpg, C:\Users\tkmpa\workdir\Github\ai_challenge_saiI\data\IMG\right_2022_04_20_18_01_20_294.jpg, 0, 1, 0, 30.19029
C:\Users\tkmpa\workdir\Github\ai_challenge_saiI\data\IMG\center_2022_04_20_18_01_20_405.jpg, C:\Users\tkmpa\workdir\Github\ai_challenge_saiI\data\IMG\left_2022_04_20_18_01_20_405.jpg, C:\Users\tkmpa\workdir\Github\ai_challenge_saiI\data\IMG\right_2022_04_20_18_01_20_405.jpg, -0.1561314, 1, 0, 30.18328
C:\Users\tkmpa\workdir\Github\ai_challenge_saiI\data\IMG\center_2022_04_20_18_01_20_516.jpg, C:\Users\tkmpa\workdir\Github\ai_challenge_saiI\data\IMG\left_2022_04_20_18_01_20_516.jpg, C:\Users\tkmpa\workdir\Github\ai_challenge_saiI\data\IMG\right_2022_04_20_18_01_20_516.jpg, -0.2195301, 1, 0, 30.18574
C:\Users\tkmpa\workdir\Github\ai_challenge_saiI\data\IMG\center_2022_04_20_18_01_20_625.jpg, C:\Users\tkmpa\workdir\Github\ai_challenge_saiI\data\IMG\left_2022_04_20_18_01_20_625.jpg, C:\Users\tkmpa\workdir\Github\ai_challenge_saiI\data\IMG\right_2022_04_20_18_01_20_625.jpg, 0, 1, 0, 30.18944
C:\Users\tkmpa\workdir\Github\ai_challenge_saiI\data\IMG\center_2022_04_20_18_01_20_734.jpg, C:\Users\tkmpa\workdir\Github\ai_challenge_saiI\data\IMG\left_2022_04_20_18_01_20_734.jpg, C:\Users\tkmpa\workdir\Github\ai_challenge_saiI\data\IMG\right_2022_04_20_18_01_20_734.jpg, 0, 1, 0, 30.1902
C:\Users\tkmpa\workdir\Github\ai_challenge_saiI\data\IMG\center_2022_04_20_18_01_20_844.jpg, C:\Users\tkmpa\workdir\Github\ai_challenge_saiI\data\IMG\left_2022_04_20_18_01_20_844.jpg, C:\Users\tkmpa\workdir\Github\ai_challenge_saiI\data\IMG\right_2022_04_20_18_01_20_844.jpg, 0, 1, 0, 30.19028
C:\Users\tkmpa\workdir\Github\ai_challenge_saiI\data\IMG\center_2022_04_20_18_01_20_952.jpg, C:\Users\tkmpa\workdir\Github\ai_challenge_saiI\data\IMG\left_2022_04_20_18_01_20_952.jpg, C:\Users\tkmpa\workdir\Github\ai_challenge_saiI\data\IMG\right_2022_04_20_18_01_20_952.jpg, 0, 1, 0, 30.1903
C:\Users\tkmpa\workdir\Github\ai_challenge_saiI\data\IMG\center_2022_04_20_18_01_21_059.jpg, C:\Users\tkmpa\workdir\Github\ai_challenge_saiI\data\IMG\left_2022_04_20_18_01_21_059.jpg, C:\Users\tkmpa\workdir\Github\ai_challenge_saiI\data\IMG\right_2022_04_20_18_01_21_059.jpg, 0, 1, 0, 30.1904
C:\Users\tkmpa\workdir\Github\ai_challenge_saiI\data\IMG\center_2022_04_20_18_01_21_170.jpg, C:\Users\tkmpa\workdir\Github\ai_challenge_saiI\data\IMG\left_2022_04_20_18_01_21_170.jpg, C:\Users\tkmpa\workdir\Github\ai_challenge_saiI\data\IMG\right_2022_04_20_18_01_21_170.jpg, 0, 1, 0, 30.1903
C:\Users\tkmpa\workdir\Github\ai_challenge_saiI\data\IMG\center_2022_04_20_18_01_21_281.jpg, C:\Users\tkmpa\workdir\Github\ai_challenge_saiI\data\IMG\left_2022_04_20_18_01_21_281.jpg, C:\Users\tkmpa\workdir\Github\ai_challenge_saiI\data\IMG\right_2022_04_20_18_01_21_281.jpg, -0.1160373, 1, 0, 30.18686
C:\Users\tkmpa\workdir\Github\ai_challenge_saiI\data\IMG\center_2022_04_20_18_01_21_391.jpg, C:\Users\tkmpa\workdir\Github\ai_challenge_saiI\data\IMG\left_2022_04_20_18_01_21_391.jpg, C:\Users\tkmpa\workdir\Github\ai_challenge_saiI\data\IMG\right_2022_04_20_18_01_21_391.jpg, -0.1818993, 1, 0, 30.18697
C:\Users\tkmpa\workdir\Github\ai_challenge_saiI\data\IMG\center_2022_04_20_18_01_21_503.jpg, C:\Users\tkmpa\workdir\Github\ai_challenge_saiI\data\IMG\left_2022_04_20_18_01_21_503.jpg, C:\Users\tkmpa\workdir\Github\ai_challenge_saiI\data\IMG\right_2022_04_20_18_01_21_503.jpg, 0, 1, 0, 30.18953
C:\Users\tkmpa\workdir\Github\ai_challenge_saiI\data\IMG\center_2022_04_20_18_01_21_610.jpg, C:\Users\tkmpa\workdir\Github\ai_challenge_saiI\data\IMG\left_2022_04_20_18_01_21_610.jpg, C:\Users\tkmpa\workdir\Github\ai_challenge_saiI\data\IMG\right_2022_04_20_18_01_21_610.jpg, 0, 1, 0, 30.1902
C:\Users\tkmpa\workdir\Github\ai_challenge_saiI\data\IMG\center_2022_04_20_18_01_21_716.jpg, C:\Users\tkmpa\workdir\Github\ai_challenge_saiI\data\IMG\left_2022_04_20_18_01_21_716.jpg, C:\Users\tkmpa\workdir\Github\ai_challenge_saiI\data\IMG\right_2022_04_20_18_01_21_716.jpg, 0, 1, 0, 30.19029
C:\Users\tkmpa\workdir\Github\ai_challenge_saiI\data\IMG\center_2022_04_20_18_01_21_826.jpg, C:\Users\tkmpa\workdir\Github\ai_challenge_saiI\data\IMG\left_2022_04_20_18_01_21_826.jpg, C:\Users\tkmpa\workdir\Github\ai_challenge_saiI\data\IMG\right_2022_04_20_18_01_21_826.jpg, 0, 1, 0, 30.19032
C:\Users\tkmpa\workdir\Github\ai_challenge_saiI\data\IMG\center_2022_04_20_18_01_21_937.jpg, C:\Users\tkmpa\workdir\Github\ai_challenge_saiI\data\IMG\left_2022_04_20_18_01_21_937.jpg, C:\Users\tkmpa\workdir\Github\ai_challenge_saiI\data\IMG\right_2022_04_20_18_01_21_937.jpg, 0, 1, 0, 30.19029
C:\Users\tkmpa\workdir\Github\ai_challenge_saiI\data\IMG\center_2022_04_20_18_01_22_047.jpg, C:\Users\tkmpa\workdir\Github\ai_challenge_saiI\data\IMG\left_2022_04_20_18_01_22_047.jpg, C:\Users\tkmpa\workdir\Github\ai_challenge_saiI\data\IMG\right_2022_04_20_18_01_22_047.jpg, 0, 1, 0, 30.1903
C:\Users\tkmpa\workdir\Github\ai_challenge_saiI\data\IMG\center_2022_04_20_18_01_22_153.jpg, C:\Users\tkmpa\workdir\Github\ai_challenge_saiI\data\IMG\left_2022_04_20_18_01_22_153.jpg, C:\Users\tkmpa\workdir\Github\ai_challenge_saiI\data\IMG\right_2022_04_20_18_01_22_153.jpg, 0, 1, 0, 30.1903
C:\Users\tkmpa\workdir\Github\ai_challenge_saiI\data\IMG\center_2022_04_20_18_01_22_264.jpg, C:\Users\tkmpa\workdir\Github\ai_challenge_saiI\data\IMG\left_2022_04_20_18_01_22_264.jpg, C:\Users\tkmpa\workdir\Github\ai_challenge_saiI\data\IMG\right_2022_04_20_18_01_22_264.jpg, 0, 1, 0, 30.1903
C:\Users\tkmpa\workdir\Github\ai_challenge_saiI\data\IMG\center_2022_04_20_18_01_22_374.jpg, C:\Users\tkmpa\workdir\Github\ai_challenge_saiI\data\IMG\left_2022_04_20_18_01_22_374.jpg, C:\Users\tkmpa\workdir\Github\ai_challenge_saiI\data\IMG\right_2022_04_20_18_01_22_374.jpg, 0, 1, 0, 30.1903
C:\Users\tkmpa\workdir\Github\ai_challenge_saiI\data\IMG\center_2022_04_20_18_01_22_487.jpg, C:\Users\tkmpa\workdir\Github\ai_challenge_saiI\data\IMG\left_2022_04_20_18_01_22_487.jpg, C:\Users\tkmpa\workdir\Github\ai_challenge_saiI\data\IMG\right_2022_04_20_18_01_22_487.jpg, 0, 1, 0, 30.1903
C:\Users\tkmpa\workdir\Github\ai_challenge_saiI\data\IMG\center_2022_04_20_18_01_22_590.jpg, C:\Users\tkmpa\workdir\Github\ai_challenge_saiI\data\IMG\left_2022_04_20_18_01_22_590.jpg, C:\Users\tkmpa\workdir\Github\ai_challenge_saiI\data\IMG\right_2022_04_20_18_01_22_590.jpg, 0, 1, 0, 30.19028
C:\Users\tkmpa\workdir\Github\ai_challenge_saiI\data\IMG\center_2022_04_20_18_01_22_691.jpg, C:\Users\tkmpa\workdir\Github\ai_challenge_saiI\data\IMG\left_2022_04_20_18_01_22_691.jpg, C:\Users\tkmpa\workdir\Github\ai_challenge_saiI\data\IMG\right_2022_04_20_18_01_22_691.jpg, 0, 1, 0, 30.19029
C:\Users\tkmpa\workdir\Github\ai_challenge_saiI\data\IMG\center_2022_04_20_18_01_22_791.jpg, C:\Users\tkmpa\workdir\Github\ai_challenge_saiI\data\IMG\left_2022_04_20_18_01_22_791.jpg, C:\Users\tkmpa\workdir\Github\ai_challenge_saiI\data\IMG\right_2022_04_20_18_01_22_791.jpg, 0, 1, 0, 30.1903
C:\Users\tkmpa\workdir\Github\ai_challenge_saiI\data\IMG\center_2022_04_20_18_01_22_899.jpg, C:\Users\tkmpa\workdir\Github\ai_challenge_saiI\data\IMG\left_2022_04_20_18_01_22_899.jpg, C:\Users\tkmpa\workdir\Github\ai_challenge_saiI\data\IMG\right_2022_04_20_18_01_22_899.jpg, 0, 1, 0, 30.19028
C:\Users\tkmpa\workdir\Github\ai_challenge_saiI\data\IMG\center_2022_04_20_18_01_23_008.jpg, C:\Users\tkmpa\workdir\Github\ai_challenge_saiI\data\IMG\left_2022_04_20_18_01_23_008.jpg, C:\Users\tkmpa\workdir\Github\ai_challenge_saiI\data\IMG\right_2022_04_20_18_01_23_008.jpg, -0.0724743, 1, 0, 30.18905
C:\Users\tkmpa\workdir\Github\ai_challenge_saiI\data\IMG\center_2022_04_20_18_01_23_114.jpg, C:\Users\tkmpa\workdir\Github\ai_challenge_saiI\data\IMG\left_2022_04_20_18_01_23_114.jpg, C:\Users\tkmpa\workdir\Github\ai_challenge_saiI\data\IMG\right_2022_04_20_18_01_23_114.jpg, -0.2440767, 1, 0, 30.17549
C:\Users\tkmpa\workdir\Github\ai_challenge_saiI\data\IMG\center_2022_04_20_18_01_23_222.jpg, C:\Users\tkmpa\workdir\Github\ai_challenge_saiI\data\IMG\left_2022_04_20_18_01_23_222.jpg, C:\Users\tkmpa\workdir\Github\ai_challenge_saiI\data\IMG\right_2022_04_20_18_01_23_222.jpg, 0, 1, 0, 30.18919
C:\Users\tkmpa\workdir\Github\ai_challenge_saiI\data\IMG\center_2022_04_20_18_01_23_331.jpg, C:\Users\tkmpa\workdir\Github\ai_challenge_saiI\data\IMG\left_2022_04_20_18_01_23_331.jpg, C:\Users\tkmpa\workdir\Github\ai_challenge_saiI\data\IMG\right_2022_04_20_18_01_23_331.jpg, 0, 1, 0, 30.19015
C:\Users\tkmpa\workdir\Github\ai_challenge_saiI\data\IMG\center_2022_04_20_18_01_23_435.jpg, C:\Users\tkmpa\workdir\Github\ai_challenge_saiI\data\IMG\left_2022_04_20_18_01_23_435.jpg, C:\Users\tkmpa\workdir\Github\ai_challenge_saiI\data\IMG\right_2022_04_20_18_01_23_435.jpg, 0, 1, 0, 30.19027
C:\Users\tkmpa\workdir\Github\ai_challenge_saiI\data\IMG\center_2022_04_20_18_01_23_541.jpg, C:\Users\tkmpa\workdir\Github\ai_challenge_saiI\data\IMG\left_2022_04_20_18_01_23_541.jpg, C:\Users\tkmpa\workdir\Github\ai_challenge_saiI\data\IMG\right_2022_04_20_18_01_23_541.jpg, 0, 1, 0, 30.1903
C:\Users\tkmpa\workdir\Github\ai_challenge_saiI\data\IMG\center_2022_04_20_18_01_23_649.jpg, C:\Users\tkmpa\workdir\Github\ai_challenge_saiI\data\IMG\left_2022_04_20_18_01_23_649.jpg, C:\Users\tkmpa\workdir\Github\ai_challenge_saiI\data\IMG\right_2022_04_20_18_01_23_649.jpg, 0, 0.9238846, 0, 30.19031
C:\Users\tkmpa\workdir\Github\ai_challenge_saiI\data\IMG\center_2022_04_20_18_01_23_757.jpg, C:\Users\tkmpa\workdir\Github\ai_challenge_saiI\data\IMG\left_2022_04_20_18_01_23_757.jpg, C:\Users\tkmpa\workdir\Github\ai_challenge_saiI\data\IMG\right_2022_04_20_18_01_23_757.jpg, 0, 0.6363884, 0, 30.10198
C:\Users\tkmpa\workdir\Github\ai_challenge_saiI\data\IMG\center_2022_04_20_18_01_23_869.jpg, C:\Users\tkmpa\workdir\Github\ai_challenge_saiI\data\IMG\left_2022_04_20_18_01_23_869.jpg, C:\Users\tkmpa\workdir\Github\ai_challenge_saiI\data\IMG\right_2022_04_20_18_01_23_869.jpg, 0, 0.263788, 0, 30.02216
C:\Users\tkmpa\workdir\Github\ai_challenge_saiI\data\IMG\center_2022_04_20_18_01_23_970.jpg, C:\Users\tkmpa\workdir\Github\ai_challenge_saiI\data\IMG\left_2022_04_20_18_01_23_970.jpg, C:\Users\tkmpa\workdir\Github\ai_challenge_saiI\data\IMG\right_2022_04_20_18_01_23_970.jpg, 0, 0, 0, 29.86028
C:\Users\tkmpa\workdir\Github\ai_challenge_saiI\data\IMG\center_2022_04_20_18_01_24_082.jpg, C:\Users\tkmpa\workdir\Github\ai_challenge_saiI\data\IMG\left_2022_04_20_18_01_24_082.jpg, C:\Users\tkmpa\workdir\Github\ai_challenge_saiI\data\IMG\right_2022_04_20_18_01_24_082.jpg, 0, 0, 0, 29.55836
C:\Users\tkmpa\workdir\Github\ai_challenge_saiI\data\IMG\center_2022_04_20_18_01_24_198.jpg, C:\Users\tkmpa\workdir\Github\ai_challenge_saiI\data\IMG\left_2022_04_20_18_01_24_198.jpg, C:\Users\tkmpa\workdir\Github\ai_challenge_saiI\data\IMG\right_2022_04_20_18_01_24_198.jpg, 0, 0, 0, 29.20258
C:\Users\tkmpa\workdir\Github\ai_challenge_saiI\data\IMG\center_2022_04_20_18_01_24_299.jpg, C:\Users\tkmpa\workdir\Github\ai_challenge_saiI\data\IMG\left_2022_04_20_18_01_24_299.jpg, C:\Users\tkmpa\workdir\Github\ai_challenge_saiI\data\IMG\right_2022_04_20_18_01_24_299.jpg, 0, 0, 0, 28.90935
C:\Users\tkmpa\workdir\Github\ai_challenge_saiI\data\IMG\center_2022_04_20_18_01_24_407.jpg, C:\Users\tkmpa\workdir\Github\ai_challenge_saiI\data\IMG\left_2022_04_20_18_01_24_407.jpg, C:\Users\tkmpa\workdir\Github\ai_challenge_saiI\data\IMG\right_2022_04_20_18_01_24_407.jpg, 0, 0, 0, 28.56134
C:\Users\tkmpa\workdir\Github\ai_challenge_saiI\data\IMG\center_2022_04_20_18_01_24_519.jpg, C:\Users\tkmpa\workdir\Github\ai_challenge_saiI\data\IMG\left_2022_04_20_18_01_24_519.jpg, C:\Users\tkmpa\workdir\Github\ai_challenge_saiI\data\IMG\right_2022_04_20_18_01_24_519.jpg, 0, 0, 0, 28.27455
C:\Users\tkmpa\workdir\Github\ai_challenge_saiI\data\IMG\center_2022_04_20_18_01_24_630.jpg, C:\Users\tkmpa\workdir\Github\ai_challenge_saiI\data\IMG\left_2022_04_20_18_01_24_630.jpg, C:\Users\tkmpa\workdir\Github\ai_challenge_saiI\data\IMG\right_2022_04_20_18_01_24_630.jpg, 0, 0, 0, 27.9342
C:\Users\tkmpa\workdir\Github\ai_challenge_saiI\data\IMG\center_2022_04_20_18_01_24_739.jpg, C:\Users\tkmpa\workdir\Github\ai_challenge_saiI\data\IMG\left_2022_04_20_18_01_24_739.jpg, C:\Users\tkmpa\workdir\Github\ai_challenge_saiI\data\IMG\right_2022_04_20_18_01_24_739.jpg, 0, 0, 0, 27.65371
C:\Users\tkmpa\workdir\Github\ai_challenge_saiI\data\IMG\center_2022_04_20_18_01_24_839.jpg, C:\Users\tkmpa\workdir\Github\ai_challenge_saiI\data\IMG\left_2022_04_20_18_01_24_839.jpg, C:\Users\tkmpa\workdir\Github\ai_challenge_saiI\data\IMG\right_2022_04_20_18_01_24_839.jpg, 0, 0, 0, 27.37605
C:\Users\tkmpa\workdir\Github\ai_challenge_saiI\data\IMG\center_2022_04_20_18_01_24_949.jpg, C:\Users\tkmpa\workdir\Github\ai_challenge_saiI\data\IMG\left_2022_04_20_18_01_24_949.jpg, C:\Users\tkmpa\workdir\Github\ai_challenge_saiI\data\IMG\right_2022_04_20_18_01_24_949.jpg, 0, 0, 0, 27.04652
C:\Users\tkmpa\workdir\Github\ai_challenge_saiI\data\IMG\center_2022_04_20_18_01_25_056.jpg, C:\Users\tkmpa\workdir\Github\ai_challenge_saiI\data\IMG\left_2022_04_20_18_01_25_056.jpg, C:\Users\tkmpa\workdir\Github\ai_challenge_saiI\data\IMG\right_2022_04_20_18_01_25_056.jpg, 0, 0, 0, 26.77494
C:\Users\tkmpa\workdir\Github\ai_challenge_saiI\data\IMG\center_2022_04_20_18_01_25_157.jpg, C:\Users\tkmpa\workdir\Github\ai_challenge_saiI\data\IMG\left_2022_04_20_18_01_25_157.jpg, C:\Users\tkmpa\workdir\Github\ai_challenge_saiI\data\IMG\right_2022_04_20_18_01_25_157.jpg, 0, 0, 0, 26.5061
C:\Users\tkmpa\workdir\Github\ai_challenge_saiI\data\IMG\center_2022_04_20_18_01_25_266.jpg, C:\Users\tkmpa\workdir\Github\ai_challenge_saiI\data\IMG\left_2022_04_20_18_01_25_266.jpg, C:\Users\tkmpa\workdir\Github\ai_challenge_saiI\data\IMG\right_2022_04_20_18_01_25_266.jpg, 0, 0, 0, 26.18705
C:\Users\tkmpa\workdir\Github\ai_challenge_saiI\data\IMG\center_2022_04_20_18_01_25_370.jpg, C:\Users\tkmpa\workdir\Github\ai_challenge_saiI\data\IMG\left_2022_04_20_18_01_25_370.jpg, C:\Users\tkmpa\workdir\Github\ai_challenge_saiI\data\IMG\right_2022_04_20_18_01_25_370.jpg, 0, 0, 0, 25.92411
C:\Users\tkmpa\workdir\Github\ai_challenge_saiI\data\IMG\center_2022_04_20_18_01_25_478.jpg, C:\Users\tkmpa\workdir\Github\ai_challenge_saiI\data\IMG\left_2022_04_20_18_01_25_478.jpg, C:\Users\tkmpa\workdir\Github\ai_challenge_saiI\data\IMG\right_2022_04_20_18_01_25_478.jpg, 0, 0, 0, 25.66382
